,vehicle_id,door_state,timestamp_utc,door_name
0,vehicle_65b1,close,2020-02-12 17:27:58.872339574,passenger
1,vehicle_8d80,close,2020-02-12 05:44:29.130999430,passenger
2,vehicle_1e43,open,2020-02-12 11:22:15.486912267,passenger
3,vehicle_e136,closing,2020-02-12 22:02:13.275264985,passenger
4,vehicle_f653,open,2020-02-12 11:49:54.222489477,passenger
5,vehicle_1e43,close,2020-02-12 10:55:48.186168494,driver
6,vehicle_e136,opening,2020-02-12 14:31:13.241424734,passenger
7,vehicle_89f6,closing,2020-02-13 03:44:36.236959842,driver
8,vehicle_e136,close,2020-02-13 01:53:10.798690846,passenger
9,vehicle_cd00,closing,2020-02-13 01:24:57.598158941,passenger
10,vehicle_89f6,close,2020-02-12 07:42:19.546470130,passenger
11,vehicle_f653,closing,2020-02-12 13:06:22.720046153,passenger
12,vehicle_65b1,opening,2020-02-12 22:08:49.469203305,passenger
13,vehicle_65b1,close,2020-02-13 01:33:48.501167236,passenger
14,vehicle_f653,close,2020-02-13 01:23:23.036050168,passenger
15,vehicle_f653,closing,2020-02-12 19:00:27.517490384,driver
16,vehicle_65b1,closing,2020-02-12 15:33:08.983038969,passenger
17,vehicle_cd00,closing,2020-02-12 12:00:27.941067684,passenger
18,vehicle_e136,open,2020-02-12 12:17:21.350840674,passenger
19,vehicle_8d80,close,2020-02-12 23:05:59.645991396,passenger
20,vehicle_f653,closing,2020-02-13 00:33:32.665601070,passenger
21,vehicle_89f6,close,2020-02-13 02:10:32.886412970,driver
22,vehicle_89f6,open,2020-02-12 13:39:34.750270128,driver
23,vehicle_ce37,open,2020-02-12 15:02:06.921507835,driver
24,vehicle_f653,close,2020-02-12 11:30:13.502734300,passenger
25,vehicle_d6af,opening,2020-02-13 01:41:51.238670761,passenger
26,vehicle_cd00,closing,2020-02-13 01:03:22.651812400,passenger
27,vehicle_65b1,closing,2020-02-12 09:06:34.908810564,passenger
28,vehicle_cd00,opening,2020-02-12 12:08:03.119636292,passenger
29,vehicle_65b1,opening,2020-02-12 15:32:53.718224478,passenger
30,vehicle_e136,close,2020-02-12 14:31:27.045184822,passenger
31,vehicle_1e43,opening,2020-02-13 02:39:23.787993605,passenger
32,vehicle_ce37,closing,2020-02-13 01:42:27.042220084,passenger
33,vehicle_8d80,open,2020-02-12 21:19:51.991429502,passenger
34,vehicle_42c0,open,2020-02-12 16:37:59.960602522,driver
35,vehicle_f653,close,2020-02-13 04:18:14.470792109,passenger
36,vehicle_e136,close,2020-02-12 22:02:14.275264985,passenger
37,vehicle_f653,closing,2020-02-12 21:23:43.989527840,passenger
38,vehicle_65b1,open,2020-02-12 15:56:43.716036874,passenger
39,vehicle_8d80,open,2020-02-12 12:42:20.692844038,passenger
40,vehicle_42c0,opening,2020-02-12 22:05:57.585489988,driver
41,vehicle_89f6,opening,2020-02-12 07:13:52.175205456,passenger
42,vehicle_d6af,close,2020-02-13 02:37:31.359669387,passenger
43,vehicle_d6af,open,2020-02-13 01:22:24.034476931,passenger
44,vehicle_f653,opening,2020-02-12 11:52:19.034865145,passenger
45,vehicle_65b1,open,2020-02-13 01:33:32.161330192,passenger
46,vehicle_42c0,opening,2020-02-12 16:31:08.366190933,passenger
47,vehicle_e136,opening,2020-02-12 12:37:25.580649873,passenger
48,vehicle_8d80,close,2020-02-12 12:35:45.128633363,passenger
49,vehicle_1e43,closing,2020-02-13 02:58:46.821658311,passenger
50,vehicle_d6af,close,2020-02-13 00:10:34.885756357,passenger
51,vehicle_e136,open,2020-02-12 14:06:06.935586069,passenger
52,vehicle_1e43,closing,2020-02-12 05:47:11.254675241,passenger
53,vehicle_d6af,close,2020-02-13 01:42:10.395865626,passenger
54,vehicle_8d80,close,2020-02-13 02:10:28.326207029,passenger
55,vehicle_e136,close,2020-02-12 14:55:43.975277368,driver
56,vehicle_ce37,close,2020-02-12 16:43:09.021899952,driver
57,vehicle_f653,open,2020-02-12 09:27:04.111442501,passenger
58,vehicle_ce37,closing,2020-02-13 01:25:21.759227359,passenger
59,vehicle_65b1,open,2020-02-12 06:28:53.761833818,passenger
60,vehicle_f653,opening,2020-02-12 14:48:09.675569950,passenger
61,vehicle_f653,closing,2020-02-12 13:26:33.468837593,passenger
62,vehicle_e136,open,2020-02-12 23:06:14.069101326,passenger
63,vehicle_f653,open,2020-02-12 21:23:36.436226043,passenger
64,vehicle_d6af,closing,2020-02-13 02:04:14.700972127,passenger
65,vehicle_f653,close,2020-02-13 01:42:02.491265578,passenger
66,vehicle_1e43,closing,2020-02-12 16:15:49.807121725,passenger
67,vehicle_8d80,closing,2020-02-12 12:35:44.128633363,passenger
68,vehicle_ce37,close,2020-02-13 00:23:41.865934488,passenger
69,vehicle_f653,opening,2020-02-13 01:23:05.710947687,passenger
70,vehicle_ce37,closing,2020-02-12 14:32:22.055775960,driver
71,vehicle_1e43,closing,2020-02-12 06:06:51.302575677,passenger
72,vehicle_8d80,opening,2020-02-12 21:38:09.758425777,passenger
73,vehicle_d6af,open,2020-02-13 02:37:16.918295238,passenger
74,vehicle_ce37,closing,2020-02-12 17:04:02.438591545,passenger
75,vehicle_8d80,opening,2020-02-12 23:04:11.598545313,driver
76,vehicle_65b1,closing,2020-02-13 00:08:52.502407163,passenger
77,vehicle_f653,open,2020-02-12 10:48:12.071698666,driver
78,vehicle_8d80,close,2020-02-12 05:35:41.908866021,passenger
79,vehicle_ce37,open,2020-02-12 17:32:14.034153635,passenger
80,vehicle_f653,open,2020-02-13 00:46:36.658743386,passenger
81,vehicle_1e43,opening,2020-02-12 11:22:13.486912267,passenger
82,vehicle_e136,open,2020-02-12 09:19:12.375149662,passenger
83,vehicle_89f6,open,2020-02-12 06:01:01.272335654,passenger
84,vehicle_1e43,open,2020-02-13 01:07:32.034124548,passenger
85,vehicle_e136,open,2020-02-12 05:01:44.435344393,passenger
86,vehicle_e136,open,2020-02-12 14:55:29.647977829,driver
87,vehicle_65b1,opening,2020-02-12 15:22:12.066973383,passenger
88,vehicle_42c0,open,2020-02-12 21:44:17.480616743,passenger
89,vehicle_e136,closing,2020-02-12 18:21:18.477605525,passenger
90,vehicle_ce37,open,2020-02-13 01:42:08.361585397,passenger
91,vehicle_cd00,closing,2020-02-12 11:57:08.283305695,passenger
92,vehicle_65b1,closing,2020-02-12 17:27:57.872339574,passenger
93,vehicle_8d80,closing,2020-02-12 22:47:49.187619850,passenger
94,vehicle_e136,open,2020-02-12 22:48:29.724193031,passenger
95,vehicle_f653,close,2020-02-13 02:01:40.648536388,driver
96,vehicle_ce37,close,2020-02-12 16:05:01.080750091,passenger
97,vehicle_f653,closing,2020-02-12 11:52:42.812080355,passenger
98,vehicle_65b1,closing,2020-02-12 23:55:31.765094273,passenger
99,vehicle_e136,open,2020-02-12 13:45:50.877566034,passenger
100,vehicle_ce37,closing,2020-02-12 17:45:21.567012759,passenger
101,vehicle_d6af,closing,2020-02-12 17:21:34.250576753,passenger
102,vehicle_42c0,opening,2020-02-12 17:15:14.644146102,passenger
103,vehicle_65b1,opening,2020-02-12 07:35:36.453760321,passenger
104,vehicle_cd00,open,2020-02-12 07:11:10.060437441,driver
105,vehicle_e136,closing,2020-02-12 09:35:48.743016016,passenger
106,vehicle_d6af,close,2020-02-12 14:33:02.697497243,driver
107,vehicle_f653,closing,2020-02-12 14:34:25.749915899,passenger
108,vehicle_1e43,open,2020-02-12 10:06:03.600998098,passenger
109,vehicle_cd00,opening,2020-02-13 00:50:04.746297533,passenger
110,vehicle_d6af,open,2020-02-13 00:10:05.301993305,passenger
111,vehicle_8d80,opening,2020-02-12 05:35:23.440943415,passenger
112,vehicle_e136,closing,2020-02-13 02:17:33.033837062,passenger
113,vehicle_89f6,close,2020-02-12 05:29:06.022488467,passenger
114,vehicle_89f6,close,2020-02-12 16:14:28.662172888,passenger
115,vehicle_e136,closing,2020-02-12 22:26:36.234178157,passenger
116,vehicle_f653,close,2020-02-13 01:54:25.547781401,passenger
117,vehicle_ce37,opening,2020-02-13 01:46:14.341814756,driver
118,vehicle_65b1,opening,2020-02-12 17:27:40.488701040,passenger
119,vehicle_ce37,opening,2020-02-12 16:49:51.564800674,passenger
120,vehicle_cd00,opening,2020-02-12 14:33:48.487713814,driver
121,vehicle_e136,open,2020-02-12 18:20:58.891214306,passenger
122,vehicle_8d80,opening,2020-02-12 10:18:59.457321579,passenger
123,vehicle_e136,closing,2020-02-12 12:29:07.645309392,passenger
124,vehicle_65b1,open,2020-02-12 16:06:05.764177322,driver
125,vehicle_d6af,open,2020-02-13 02:10:06.177946503,passenger
126,vehicle_1e43,opening,2020-02-12 14:45:57.815481359,passenger
127,vehicle_f653,opening,2020-02-12 09:27:02.111442501,passenger
128,vehicle_f653,open,2020-02-12 11:42:37.670723850,passenger
129,vehicle_cd00,opening,2020-02-13 02:06:54.292406655,passenger
130,vehicle_f653,opening,2020-02-12 10:47:22.412552784,passenger
131,vehicle_89f6,open,2020-02-12 16:14:13.409783298,passenger
132,vehicle_d6af,closing,2020-02-12 23:39:18.562451537,driver
133,vehicle_65b1,close,2020-02-12 18:08:37.424072145,passenger
134,vehicle_f653,opening,2020-02-12 08:15:45.092218399,driver
135,vehicle_e136,closing,2020-02-12 12:05:06.302573109,passenger
136,vehicle_89f6,closing,2020-02-13 02:10:31.886412970,driver
137,vehicle_42c0,close,2020-02-12 12:38:21.573889869,passenger
138,vehicle_42c0,opening,2020-02-12 05:58:14.006865913,passenger
139,vehicle_f653,open,2020-02-12 14:24:21.511270935,passenger
140,vehicle_42c0,closing,2020-02-12 05:58:25.237601991,passenger
141,vehicle_e136,closing,2020-02-12 05:16:59.083906278,passenger
142,vehicle_cd00,open,2020-02-12 12:08:05.119636292,passenger
143,vehicle_d6af,open,2020-02-13 01:35:24.612452946,passenger
144,vehicle_65b1,open,2020-02-12 09:20:29.966444169,passenger
145,vehicle_e136,opening,2020-02-12 10:20:04.922127558,passenger
146,vehicle_1e43,open,2020-02-13 01:31:45.658206203,passenger
147,vehicle_f653,opening,2020-02-12 13:26:16.223242840,passenger
148,vehicle_1e43,close,2020-02-13 01:07:45.326564180,passenger
149,vehicle_cd00,closing,2020-02-13 02:57:55.417785005,passenger
150,vehicle_65b1,opening,2020-02-12 16:12:22.268521244,passenger
151,vehicle_1e43,closing,2020-02-12 16:09:57.025819904,passenger
152,vehicle_65b1,open,2020-02-12 07:35:38.453760321,passenger
153,vehicle_89f6,closing,2020-02-12 13:39:45.317412643,driver
154,vehicle_65b1,opening,2020-02-12 06:10:13.436841423,passenger
155,vehicle_8d80,closing,2020-02-12 05:35:39.908866021,passenger
156,vehicle_1e43,closing,2020-02-12 12:58:34.699005809,passenger
157,vehicle_f653,open,2020-02-12 13:26:18.223242840,passenger
158,vehicle_8d80,closing,2020-02-12 21:38:17.220072427,passenger
159,vehicle_f653,open,2020-02-12 19:00:24.458230257,driver
160,vehicle_89f6,closing,2020-02-12 07:06:19.513739966,passenger
161,vehicle_e136,close,2020-02-12 05:02:06.039226467,passenger
162,vehicle_f653,opening,2020-02-12 14:57:09.445203497,passenger
163,vehicle_ce37,close,2020-02-12 17:04:04.438591545,passenger
164,vehicle_d6af,opening,2020-02-13 02:37:15.918295238,passenger
165,vehicle_89f6,opening,2020-02-12 16:14:11.409783298,passenger
166,vehicle_d6af,close,2020-02-13 02:10:27.879851648,passenger
167,vehicle_f653,opening,2020-02-12 18:12:29.700062513,driver
168,vehicle_ce37,opening,2020-02-12 17:45:16.358613670,passenger
169,vehicle_f653,closing,2020-02-13 04:00:01.230079326,passenger
170,vehicle_89f6,open,2020-02-13 02:10:19.333771944,driver
171,vehicle_e136,opening,2020-02-12 22:02:02.016148741,passenger
172,vehicle_89f6,opening,2020-02-12 18:16:26.349725008,driver
173,vehicle_1e43,closing,2020-02-12 14:46:05.677807436,passenger
174,vehicle_65b1,opening,2020-02-12 17:43:44.653276870,passenger
175,vehicle_89f6,closing,2020-02-12 07:42:17.546470130,passenger
176,vehicle_42c0,close,2020-02-12 17:07:45.591322263,passenger
177,vehicle_f653,close,2020-02-12 11:50:16.264081758,passenger
178,vehicle_65b1,closing,2020-02-12 16:29:33.983889332,passenger
179,vehicle_d6af,closing,2020-02-12 10:55:50.051640262,passenger
180,vehicle_cd00,close,2020-02-13 02:57:57.417785005,passenger
181,vehicle_cd00,open,2020-02-13 01:24:39.665730412,passenger
182,vehicle_ce37,opening,2020-02-13 00:23:09.337107117,passenger
183,vehicle_65b1,open,2020-02-12 16:29:02.696912294,passenger
184,vehicle_89f6,open,2020-02-12 05:28:55.648499662,passenger
185,vehicle_8d80,closing,2020-02-12 17:13:44.980201493,passenger
186,vehicle_8d80,close,2020-02-12 23:09:51.104051892,passenger
187,vehicle_65b1,closing,2020-02-12 17:46:48.865116968,passenger
188,vehicle_89f6,open,2020-02-12 07:28:15.602242405,passenger
189,vehicle_1e43,opening,2020-02-12 16:22:37.418914386,passenger
190,vehicle_f653,close,2020-02-12 19:00:29.517490384,driver
191,vehicle_ce37,open,2020-02-13 03:02:02.298405582,passenger
192,vehicle_42c0,open,2020-02-12 22:05:59.585489988,driver
193,vehicle_89f6,closing,2020-02-12 05:45:20.930004136,passenger
194,vehicle_1e43,open,2020-02-12 10:28:51.953035073,passenger
195,vehicle_89f6,close,2020-02-12 05:45:21.930004136,passenger
196,vehicle_ce37,open,2020-02-13 00:37:41.887657892,passenger
197,vehicle_e136,opening,2020-02-12 21:02:24.740043261,passenger
198,vehicle_1e43,close,2020-02-12 10:29:11.832327781,passenger
199,vehicle_ce37,closing,2020-02-12 10:47:11.689135843,passenger
200,vehicle_cd00,close,2020-02-13 02:07:11.558514616,passenger
201,vehicle_e136,opening,2020-02-12 22:26:22.052899216,passenger
202,vehicle_8d80,open,2020-02-12 10:19:00.457321579,passenger
203,vehicle_ce37,closing,2020-02-13 00:37:59.128715568,passenger
204,vehicle_89f6,opening,2020-02-13 02:10:17.333771944,driver
205,vehicle_1e43,opening,2020-02-12 19:15:28.738480026,passenger
206,vehicle_65b1,closing,2020-02-12 07:35:52.754939438,passenger
207,vehicle_e136,close,2020-02-12 13:46:11.020487538,passenger
208,vehicle_89f6,opening,2020-02-12 19:18:35.522447824,driver
209,vehicle_ce37,opening,2020-02-12 10:23:35.509142572,passenger
210,vehicle_8d80,close,2020-02-12 17:13:46.980201493,passenger
211,vehicle_89f6,closing,2020-02-12 18:16:44.036126184,driver
212,vehicle_cd00,open,2020-02-12 12:00:10.112725999,passenger
213,vehicle_cd00,opening,2020-02-12 15:22:16.315846573,passenger
214,vehicle_65b1,opening,2020-02-12 17:46:32.666630918,passenger
215,vehicle_89f6,closing,2020-02-12 05:29:04.022488467,passenger
216,vehicle_cd00,close,2020-02-12 18:16:23.051715347,passenger
217,vehicle_1e43,open,2020-02-13 02:58:36.044901940,passenger
218,vehicle_f653,closing,2020-02-13 00:39:07.564445638,driver
219,vehicle_ce37,opening,2020-02-12 16:42:54.463096857,driver
220,vehicle_cd00,open,2020-02-12 11:57:04.734006817,passenger
221,vehicle_65b1,closing,2020-02-12 06:29:01.685055795,passenger
222,vehicle_89f6,opening,2020-02-12 09:47:15.397054865,passenger
223,vehicle_42c0,closing,2020-02-12 12:38:19.573889869,passenger
224,vehicle_ce37,close,2020-02-13 00:38:00.128715568,passenger
225,vehicle_d6af,opening,2020-02-12 17:41:44.919338980,passenger
226,vehicle_cd00,opening,2020-02-12 09:16:48.608427048,driver
227,vehicle_cd00,opening,2020-02-12 11:26:11.649138386,passenger
228,vehicle_cd00,closing,2020-02-12 15:11:38.599088465,passenger
229,vehicle_89f6,closing,2020-02-12 09:47:26.178270914,passenger
230,vehicle_8d80,open,2020-02-12 23:05:38.245129411,passenger
231,vehicle_d6af,closing,2020-02-13 01:35:42.518578505,passenger
232,vehicle_8d80,open,2020-02-13 01:49:41.718460495,passenger
233,vehicle_89f6,closing,2020-02-12 07:28:33.830592990,passenger
234,vehicle_e136,close,2020-02-12 12:37:45.318345792,passenger
235,vehicle_cd00,close,2020-02-13 01:03:24.651812400,passenger
236,vehicle_42c0,open,2020-02-12 17:15:16.644146102,passenger
237,vehicle_e136,open,2020-02-12 12:28:50.799576218,passenger
238,vehicle_cd00,closing,2020-02-13 02:46:19.972771795,passenger
239,vehicle_65b1,open,2020-02-12 17:43:46.653276870,passenger
240,vehicle_89f6,opening,2020-02-12 07:42:01.089861560,passenger
241,vehicle_e136,closing,2020-02-12 14:33:32.902781337,driver
242,vehicle_8d80,opening,2020-02-13 01:49:39.718460495,passenger
243,vehicle_cd00,open,2020-02-12 05:06:37.641380722,passenger
244,vehicle_d6af,closing,2020-02-12 17:42:10.769877700,passenger
245,vehicle_8d80,close,2020-02-12 10:19:11.929903008,passenger
246,vehicle_f653,opening,2020-02-13 04:17:47.881722810,passenger
247,vehicle_42c0,closing,2020-02-12 16:12:59.881342059,passenger
248,vehicle_42c0,closing,2020-02-12 06:11:32.034267611,passenger
249,vehicle_1e43,close,2020-02-12 11:22:24.133081886,passenger
250,vehicle_cd00,close,2020-02-12 18:31:25.616215978,passenger
251,vehicle_89f6,closing,2020-02-12 13:36:26.342155092,driver
252,vehicle_e136,open,2020-02-12 09:35:30.940655206,passenger
253,vehicle_cd00,closing,2020-02-13 02:07:09.558514616,passenger
254,vehicle_1e43,close,2020-02-12 12:58:35.699005809,passenger
255,vehicle_cd00,open,2020-02-13 02:06:55.292406655,passenger
256,vehicle_89f6,open,2020-02-13 03:44:19.495211363,driver
257,vehicle_65b1,open,2020-02-12 17:27:41.488701040,passenger
258,vehicle_8d80,closing,2020-02-13 02:10:26.326207029,passenger
259,vehicle_cd00,close,2020-02-12 05:21:30.709895929,passenger
260,vehicle_cd00,close,2020-02-12 14:34:03.506742762,driver
261,vehicle_65b1,closing,2020-02-12 18:08:35.424072145,passenger
262,vehicle_65b1,open,2020-02-12 22:08:50.469203305,passenger
263,vehicle_f653,opening,2020-02-12 21:23:35.436226043,passenger
264,vehicle_89f6,closing,2020-02-12 16:26:10.090642195,passenger
265,vehicle_42c0,close,2020-02-12 21:57:42.720982218,passenger
266,vehicle_42c0,open,2020-02-12 05:58:15.006865913,passenger
267,vehicle_42c0,opening,2020-02-12 21:44:15.480616743,passenger
268,vehicle_f653,opening,2020-02-12 13:20:48.389854936,passenger
269,vehicle_42c0,close,2020-02-12 10:43:29.672978205,driver
270,vehicle_65b1,opening,2020-02-12 22:00:15.848493750,passenger
271,vehicle_42c0,opening,2020-02-12 16:37:57.960602522,driver
272,vehicle_8d80,closing,2020-02-12 23:09:50.104051892,passenger
273,vehicle_e136,close,2020-02-12 10:04:33.506664732,passenger
274,vehicle_f653,open,2020-02-12 21:12:28.287272388,passenger
275,vehicle_cd00,close,2020-02-12 11:50:02.131485819,passenger
276,vehicle_1e43,opening,2020-02-12 09:20:43.919028521,driver
277,vehicle_65b1,closing,2020-02-12 17:42:18.496263205,passenger
278,vehicle_8d80,open,2020-02-12 05:44:21.451748545,passenger
279,vehicle_89f6,open,2020-02-12 16:25:54.193536773,passenger
280,vehicle_f653,close,2020-02-12 10:48:27.108643496,driver
281,vehicle_cd00,closing,2020-02-12 11:26:23.215294582,passenger
282,vehicle_cd00,closing,2020-02-12 12:08:15.843840511,passenger
283,vehicle_42c0,closing,2020-02-12 22:06:02.341314854,driver
284,vehicle_d6af,closing,2020-02-13 00:10:32.885756357,passenger
285,vehicle_f653,open,2020-02-13 01:41:47.813110382,passenger
286,vehicle_ce37,closing,2020-02-13 00:23:39.865934488,passenger
287,vehicle_65b1,closing,2020-02-12 23:06:09.463917546,passenger
288,vehicle_1e43,opening,2020-02-12 16:21:41.090866810,passenger
289,vehicle_ce37,opening,2020-02-13 03:22:45.559685737,passenger
290,vehicle_ce37,close,2020-02-13 01:42:28.042220084,passenger
291,vehicle_ce37,open,2020-02-12 20:32:58.723171646,passenger
292,vehicle_f653,close,2020-02-12 10:47:43.585540204,passenger
293,vehicle_cd00,opening,2020-02-13 01:03:05.281038368,passenger
294,vehicle_d6af,close,2020-02-13 00:21:00.894395367,passenger
295,vehicle_42c0,close,2020-02-12 22:06:03.341314854,driver
296,vehicle_1e43,close,2020-02-12 16:15:51.807121725,passenger
297,vehicle_65b1,opening,2020-02-12 07:54:23.945348716,passenger
298,vehicle_ce37,open,2020-02-12 10:23:36.509142572,passenger
299,vehicle_89f6,close,2020-02-12 07:28:35.830592990,passenger
300,vehicle_cd00,close,2020-02-12 15:11:40.599088465,passenger
301,vehicle_e136,closing,2020-02-12 09:27:48.198813969,passenger
302,vehicle_1e43,close,2020-02-12 19:15:39.137309991,passenger
303,vehicle_1e43,closing,2020-02-12 10:55:46.186168494,driver
304,vehicle_e136,closing,2020-02-12 05:02:05.039226467,passenger
305,vehicle_f653,close,2020-02-13 00:33:34.665601070,passenger
306,vehicle_f653,open,2020-02-12 10:21:07.691634829,passenger
307,vehicle_1e43,opening,2020-02-12 16:09:42.003148491,passenger
308,vehicle_8d80,open,2020-02-12 22:47:27.837068016,passenger
309,vehicle_e136,open,2020-02-12 14:33:20.640108347,driver
310,vehicle_cd00,close,2020-02-12 12:08:16.843840511,passenger
311,vehicle_f653,closing,2020-02-12 09:45:43.761108818,passenger
312,vehicle_f653,open,2020-02-13 00:35:34.221030235,driver
313,vehicle_65b1,close,2020-02-12 07:35:54.754939438,passenger
314,vehicle_1e43,close,2020-02-12 16:22:01.051117317,passenger
315,vehicle_f653,open,2020-02-12 11:29:57.831506903,passenger
316,vehicle_e136,close,2020-02-12 14:33:33.902781337,driver
317,vehicle_f653,closing,2020-02-13 01:40:46.444281577,passenger
318,vehicle_8d80,close,2020-02-12 05:56:16.270570499,passenger
319,vehicle_65b1,close,2020-02-13 00:08:53.502407163,passenger
320,vehicle_1e43,closing,2020-02-12 11:22:23.133081886,passenger
321,vehicle_cd00,closing,2020-02-12 15:22:34.392002978,passenger
322,vehicle_ce37,close,2020-02-12 10:47:13.689135843,passenger
323,vehicle_d6af,close,2020-02-13 01:35:43.518578505,passenger
324,vehicle_65b1,closing,2020-02-12 16:06:16.857073396,driver
325,vehicle_f653,close,2020-02-12 10:55:52.465454391,passenger
326,vehicle_cd00,opening,2020-02-12 15:11:15.715191538,passenger
327,vehicle_1e43,close,2020-02-12 10:06:22.492271679,passenger
328,vehicle_89f6,closing,2020-02-12 10:07:11.780458464,passenger
329,vehicle_ce37,closing,2020-02-12 10:23:53.833756856,passenger
330,vehicle_f653,closing,2020-02-12 10:21:26.646288665,passenger
331,vehicle_d6af,opening,2020-02-13 01:35:23.612452946,passenger
332,vehicle_f653,closing,2020-02-13 01:42:00.491265578,passenger
333,vehicle_65b1,closing,2020-02-13 01:33:47.501167236,passenger
334,vehicle_d6af,closing,2020-02-12 14:30:46.779339384,passenger
335,vehicle_65b1,open,2020-02-12 23:05:47.147769369,passenger
336,vehicle_f653,opening,2020-02-12 11:08:15.290193238,passenger
337,vehicle_e136,opening,2020-02-12 12:28:48.799576218,passenger
338,vehicle_f653,closing,2020-02-12 13:16:37.489011952,passenger
339,vehicle_d6af,opening,2020-02-13 01:22:22.034476931,passenger
340,vehicle_1e43,closing,2020-02-12 11:17:09.574350333,passenger
341,vehicle_d6af,open,2020-02-12 17:41:46.919338980,passenger
342,vehicle_f653,closing,2020-02-12 14:57:23.445139433,passenger
343,vehicle_e136,close,2020-02-12 09:19:31.545497982,passenger
344,vehicle_f653,close,2020-02-12 11:52:43.812080355,passenger
345,vehicle_42c0,close,2020-02-12 21:44:26.845164831,passenger
346,vehicle_f653,closing,2020-02-12 10:48:25.108643496,driver
347,vehicle_8d80,close,2020-02-13 01:50:04.486220592,passenger
348,vehicle_f653,opening,2020-02-12 11:49:53.222489477,passenger
349,vehicle_65b1,close,2020-02-13 01:16:23.412485071,passenger
350,vehicle_8d80,open,2020-02-12 05:35:25.440943415,passenger
351,vehicle_ce37,open,2020-02-12 16:04:41.311263020,passenger
352,vehicle_cd00,opening,2020-02-12 05:30:46.696334839,driver
353,vehicle_ce37,open,2020-02-13 01:46:16.341814756,driver
354,vehicle_1e43,close,2020-02-12 05:47:12.254675241,passenger
355,vehicle_1e43,close,2020-02-12 14:55:18.321521342,passenger
356,vehicle_e136,opening,2020-02-12 14:51:28.907304449,passenger
357,vehicle_e136,opening,2020-02-12 13:45:49.877566034,passenger
358,vehicle_ce37,close,2020-02-13 03:02:23.504368406,passenger
359,vehicle_e136,closing,2020-02-12 13:46:09.020487538,passenger
360,vehicle_d6af,opening,2020-02-12 23:39:06.318189144,driver
361,vehicle_42c0,closing,2020-02-12 17:07:44.591322263,passenger
362,vehicle_e136,open,2020-02-12 10:20:06.922127558,passenger
363,vehicle_ce37,open,2020-02-12 21:53:06.577987909,driver
364,vehicle_cd00,closing,2020-02-12 09:17:04.987768434,driver
365,vehicle_8d80,opening,2020-02-12 12:35:18.527217323,passenger
366,vehicle_f653,opening,2020-02-12 10:48:11.071698666,driver
367,vehicle_e136,open,2020-02-12 12:04:59.232571299,passenger
368,vehicle_89f6,open,2020-02-12 07:13:54.175205456,passenger
369,vehicle_ce37,closing,2020-02-13 03:23:07.686791958,passenger
370,vehicle_65b1,opening,2020-02-12 16:14:09.945058519,passenger
371,vehicle_8d80,opening,2020-02-12 17:13:32.219625563,passenger
372,vehicle_e136,close,2020-02-12 05:17:01.083906278,passenger
373,vehicle_cd00,close,2020-02-12 12:00:29.941067684,passenger
374,vehicle_f653,close,2020-02-12 21:23:44.989527840,passenger
375,vehicle_cd00,close,2020-02-12 07:11:17.787170547,driver
376,vehicle_f653,opening,2020-02-13 01:54:09.105907293,passenger
377,vehicle_cd00,opening,2020-02-13 01:24:37.665730412,passenger
378,vehicle_8d80,open,2020-02-12 12:35:19.527217323,passenger
379,vehicle_8d80,close,2020-02-12 21:38:18.220072427,passenger
380,vehicle_e136,closing,2020-02-12 21:02:42.397539815,passenger
381,vehicle_cd00,closing,2020-02-12 18:16:22.051715347,passenger
382,vehicle_89f6,opening,2020-02-12 07:05:56.604688341,passenger
383,vehicle_1e43,open,2020-02-12 10:55:35.570949554,driver
384,vehicle_cd00,open,2020-02-12 15:11:16.715191538,passenger
385,vehicle_f653,open,2020-02-12 11:08:16.290193238,passenger
386,vehicle_e136,close,2020-02-13 02:17:34.033837062,passenger
387,vehicle_d6af,open,2020-02-12 23:39:07.318189144,driver
388,vehicle_42c0,close,2020-02-12 05:58:27.237601991,passenger
389,vehicle_f653,close,2020-02-12 09:27:15.898773776,passenger
390,vehicle_1e43,closing,2020-02-12 16:22:00.051117317,passenger
391,vehicle_cd00,opening,2020-02-12 11:49:44.704160864,passenger
392,vehicle_ce37,opening,2020-02-12 17:03:39.635368129,passenger
393,vehicle_89f6,open,2020-02-12 18:16:27.349725008,driver
394,vehicle_e136,closing,2020-02-13 01:53:09.798690846,passenger
395,vehicle_89f6,opening,2020-02-12 07:28:13.602242405,passenger
396,vehicle_1e43,opening,2020-02-12 14:55:04.112833454,passenger
397,vehicle_cd00,open,2020-02-13 01:03:06.281038368,passenger
398,vehicle_ce37,closing,2020-02-13 03:02:21.504368406,passenger
399,vehicle_42c0,closing,2020-02-12 08:40:32.322251704,passenger
400,vehicle_ce37,close,2020-02-13 03:23:09.686791958,passenger
401,vehicle_cd00,close,2020-02-13 01:36:56.976373636,passenger
402,vehicle_d6af,close,2020-02-12 23:39:19.562451537,driver
403,vehicle_8d80,close,2020-02-12 22:47:50.187619850,passenger
404,vehicle_cd00,opening,2020-02-12 11:36:11.487729041,passenger
405,vehicle_ce37,opening,2020-02-13 03:02:00.298405582,passenger
406,vehicle_f653,close,2020-02-13 00:35:50.799551523,driver
407,vehicle_65b1,close,2020-02-12 15:57:03.252296893,passenger
408,vehicle_65b1,closing,2020-02-12 16:18:19.845675483,passenger
409,vehicle_1e43,close,2020-02-12 14:46:07.677807436,passenger
410,vehicle_8d80,open,2020-02-12 10:32:51.933890594,passenger
411,vehicle_89f6,opening,2020-02-12 13:36:10.962074757,driver
412,vehicle_ce37,opening,2020-02-13 01:42:07.361585397,passenger
413,vehicle_65b1,opening,2020-02-12 15:45:33.976977999,passenger
414,vehicle_42c0,closing,2020-02-12 12:21:30.944182906,passenger
415,vehicle_f653,open,2020-02-13 01:40:31.546874458,passenger
416,vehicle_f653,open,2020-02-13 03:59:42.153228695,passenger
417,vehicle_65b1,close,2020-02-12 17:46:49.865116968,passenger
418,vehicle_cd00,close,2020-02-12 11:36:21.958559172,passenger
419,vehicle_1e43,opening,2020-02-13 01:33:56.269973278,driver
420,vehicle_f653,close,2020-02-12 21:12:40.601358134,passenger
421,vehicle_42c0,opening,2020-02-12 08:54:14.145812199,passenger
422,vehicle_e136,close,2020-02-12 10:20:29.452779457,passenger
423,vehicle_f653,closing,2020-02-12 11:08:24.938793539,passenger
424,vehicle_65b1,open,2020-02-12 15:22:14.066973383,passenger
425,vehicle_cd00,open,2020-02-13 02:46:04.664427216,passenger
426,vehicle_f653,close,2020-02-12 13:06:24.720046153,passenger
427,vehicle_e136,closing,2020-02-12 22:48:47.662146290,passenger
428,vehicle_f653,closing,2020-02-13 02:01:39.648536388,driver
429,vehicle_8d80,opening,2020-02-13 02:10:08.000247470,passenger
430,vehicle_e136,close,2020-02-12 12:17:34.155825095,passenger
431,vehicle_f653,opening,2020-02-12 14:24:19.511270935,passenger
432,vehicle_d6af,open,2020-02-12 10:45:54.820765430,passenger
433,vehicle_89f6,open,2020-02-12 05:45:13.591970379,passenger
434,vehicle_42c0,closing,2020-02-12 06:04:49.994009467,driver
435,vehicle_1e43,opening,2020-02-12 05:46:55.291729385,passenger
436,vehicle_42c0,closing,2020-02-12 16:38:06.212047586,driver
437,vehicle_1e43,closing,2020-02-12 16:22:53.707610530,passenger
438,vehicle_65b1,open,2020-02-12 15:32:55.718224478,passenger
439,vehicle_65b1,opening,2020-02-12 06:28:51.761833818,passenger
440,vehicle_89f6,close,2020-02-12 10:07:13.780458464,passenger
441,vehicle_65b1,open,2020-02-12 16:17:57.481820679,passenger
442,vehicle_ce37,closing,2020-02-12 16:10:10.028350586,passenger
443,vehicle_ce37,open,2020-02-12 16:49:53.564800674,passenger
444,vehicle_f653,closing,2020-02-12 10:47:42.585540204,passenger
445,vehicle_8d80,opening,2020-02-12 22:47:26.837068016,passenger
446,vehicle_89f6,close,2020-02-12 07:06:21.513739966,passenger
447,vehicle_ce37,closing,2020-02-12 20:36:53.122214969,passenger
448,vehicle_cd00,closing,2020-02-12 11:36:19.958559172,passenger
449,vehicle_65b1,close,2020-02-12 16:14:32.441867541,passenger
450,vehicle_e136,open,2020-02-12 23:41:13.500011091,passenger
451,vehicle_d6af,open,2020-02-12 14:30:24.179977704,passenger
452,vehicle_65b1,opening,2020-02-12 23:05:46.147769369,passenger
453,vehicle_ce37,opening,2020-02-13 01:24:59.414390022,passenger
454,vehicle_e136,closing,2020-02-12 20:48:24.466434042,passenger
455,vehicle_f653,opening,2020-02-13 02:01:33.910341263,driver
456,vehicle_d6af,closing,2020-02-12 21:14:12.258420065,driver
457,vehicle_65b1,open,2020-02-12 18:08:15.532620813,passenger
458,vehicle_e136,closing,2020-02-12 10:04:31.506664732,passenger
459,vehicle_1e43,close,2020-02-13 02:58:47.821658311,passenger
460,vehicle_1e43,opening,2020-02-13 01:07:30.034124548,passenger
461,vehicle_8d80,opening,2020-02-12 22:49:42.604118521,passenger
462,vehicle_f653,closing,2020-02-13 00:35:48.799551523,driver
463,vehicle_e136,closing,2020-02-12 12:37:43.318345792,passenger
464,vehicle_cd00,close,2020-02-12 11:26:25.215294582,passenger
465,vehicle_e136,open,2020-02-13 01:52:57.409665758,passenger
466,vehicle_f653,closing,2020-02-12 21:12:38.601358134,passenger
467,vehicle_f653,open,2020-02-12 14:48:11.675569950,passenger
468,vehicle_ce37,opening,2020-02-12 16:04:39.311263020,passenger
469,vehicle_ce37,close,2020-02-12 16:10:12.028350586,passenger
470,vehicle_f653,open,2020-02-12 13:20:49.389854936,passenger
471,vehicle_ce37,close,2020-02-13 01:46:23.866986630,driver
472,vehicle_f653,opening,2020-02-13 00:33:17.763430531,passenger
473,vehicle_e136,close,2020-02-12 23:41:36.051651785,passenger
474,vehicle_e136,open,2020-02-13 02:17:22.458251753,passenger
475,vehicle_e136,closing,2020-02-12 23:24:36.918409851,passenger
476,vehicle_e136,closing,2020-02-12 23:06:35.061098001,passenger
477,vehicle_cd00,opening,2020-02-13 01:46:27.230819160,passenger
478,vehicle_89f6,closing,2020-02-12 09:28:01.943322764,passenger
479,vehicle_e136,opening,2020-02-12 14:06:05.935586069,passenger
480,vehicle_d6af,opening,2020-02-13 00:10:03.301993305,passenger
481,vehicle_ce37,open,2020-02-13 03:22:47.559685737,passenger
482,vehicle_d6af,open,2020-02-13 02:04:00.433547256,passenger
483,vehicle_1e43,open,2020-02-12 16:22:38.418914386,passenger
484,vehicle_1e43,open,2020-02-12 16:15:27.382233555,passenger
485,vehicle_65b1,close,2020-02-12 23:04:45.513477567,passenger
486,vehicle_65b1,closing,2020-02-12 22:09:06.771900288,passenger
487,vehicle_1e43,opening,2020-02-12 10:55:33.570949554,driver
488,vehicle_1e43,close,2020-02-12 12:43:12.449839681,passenger
489,vehicle_65b1,close,2020-02-12 22:00:31.337968126,passenger
490,vehicle_e136,opening,2020-02-12 09:27:25.770564491,passenger
491,vehicle_d6af,open,2020-02-12 17:21:11.141724045,passenger
492,vehicle_65b1,close,2020-02-12 06:29:03.685055795,passenger
493,vehicle_cd00,close,2020-02-13 00:50:16.649073894,passenger
494,vehicle_ce37,opening,2020-02-12 20:32:57.723171646,passenger
495,vehicle_d6af,open,2020-02-12 14:12:16.449438269,passenger
496,vehicle_ce37,closing,2020-02-12 16:43:08.021899952,driver
497,vehicle_1e43,opening,2020-02-12 10:28:49.953035073,passenger
498,vehicle_8d80,open,2020-02-12 22:49:43.604118521,passenger
499,vehicle_d6af,opening,2020-02-12 10:55:30.095569765,passenger
500,vehicle_8d80,open,2020-02-12 23:09:29.133934976,passenger
501,vehicle_1e43,open,2020-02-12 11:16:59.862996752,passenger
502,vehicle_42c0,opening,2020-02-12 06:11:21.785096128,passenger
503,vehicle_42c0,close,2020-02-12 06:11:33.034267611,passenger
504,vehicle_ce37,opening,2020-02-12 15:02:05.921507835,driver
505,vehicle_ce37,closing,2020-02-12 21:53:18.932649268,driver
506,vehicle_cd00,open,2020-02-12 11:36:12.487729041,passenger
507,vehicle_d6af,close,2020-02-13 01:22:44.128269585,passenger
508,vehicle_65b1,open,2020-02-12 22:00:16.848493750,passenger
509,vehicle_ce37,opening,2020-02-12 16:09:52.278461175,passenger
510,vehicle_42c0,opening,2020-02-12 06:04:47.875357628,driver
511,vehicle_42c0,close,2020-02-12 12:21:32.944182906,passenger
512,vehicle_65b1,open,2020-02-12 17:26:35.928969795,passenger
513,vehicle_89f6,opening,2020-02-12 10:07:01.926589586,passenger
514,vehicle_e136,closing,2020-02-12 14:53:30.837126026,passenger
515,vehicle_e136,opening,2020-02-13 01:52:56.409665758,passenger
516,vehicle_ce37,closing,2020-02-12 16:50:17.648315723,passenger
517,vehicle_f653,opening,2020-02-12 13:16:11.140889341,passenger
518,vehicle_89f6,closing,2020-02-12 05:50:34.436386805,passenger
519,vehicle_d6af,closing,2020-02-13 02:37:29.359669387,passenger
520,vehicle_1e43,opening,2020-02-12 16:15:25.382233555,passenger
521,vehicle_d6af,closing,2020-02-12 10:46:10.767785937,passenger
522,vehicle_65b1,open,2020-02-12 17:46:34.666630918,passenger
523,vehicle_1e43,open,2020-02-12 09:20:45.919028521,driver
524,vehicle_f653,opening,2020-02-12 11:29:55.831506903,passenger
525,vehicle_65b1,close,2020-02-12 15:22:26.343428473,passenger
526,vehicle_f653,close,2020-02-13 04:00:03.230079326,passenger
527,vehicle_42c0,close,2020-02-12 16:31:22.411358698,passenger
528,vehicle_f653,closing,2020-02-12 09:27:14.898773776,passenger
529,vehicle_d6af,opening,2020-02-12 14:30:22.179977704,passenger
530,vehicle_1e43,open,2020-02-12 19:32:31.512202601,passenger
531,vehicle_89f6,close,2020-02-12 19:18:44.096655801,driver
532,vehicle_1e43,open,2020-02-12 14:45:59.815481359,passenger
533,vehicle_65b1,open,2020-02-12 16:14:10.945058519,passenger
534,vehicle_d6af,closing,2020-02-12 14:33:00.697497243,driver
535,vehicle_e136,opening,2020-02-12 22:48:28.724193031,passenger
536,vehicle_cd00,opening,2020-02-13 01:36:43.509836147,passenger
537,vehicle_89f6,opening,2020-02-12 06:01:00.272335654,passenger
538,vehicle_1e43,close,2020-02-13 01:32:00.491719270,passenger
539,vehicle_65b1,open,2020-02-12 07:54:24.945348716,passenger
540,vehicle_65b1,closing,2020-02-13 01:16:21.412485071,passenger
541,vehicle_65b1,close,2020-02-12 22:09:07.771900288,passenger
542,vehicle_e136,closing,2020-02-12 09:31:32.457215550,passenger
543,vehicle_65b1,close,2020-02-12 15:33:10.983038969,passenger
544,vehicle_65b1,open,2020-02-12 23:04:20.352958614,passenger
545,vehicle_f653,opening,2020-02-13 03:59:40.153228695,passenger
546,vehicle_8d80,close,2020-02-12 12:42:37.154979761,passenger
547,vehicle_cd00,closing,2020-02-12 18:31:24.616215978,passenger
548,vehicle_cd00,opening,2020-02-13 02:57:42.755855771,passenger
549,vehicle_65b1,open,2020-02-12 09:05:52.093971491,driver
550,vehicle_ce37,close,2020-02-12 17:45:22.567012759,passenger
551,vehicle_d6af,closing,2020-02-12 14:12:37.989362262,passenger
552,vehicle_d6af,opening,2020-02-13 02:03:58.433547256,passenger
553,vehicle_e136,open,2020-02-12 20:48:10.189627106,passenger
554,vehicle_f653,opening,2020-02-12 21:12:27.287272388,passenger
555,vehicle_d6af,opening,2020-02-12 21:14:03.536280394,driver
556,vehicle_65b1,close,2020-02-12 07:54:40.861997435,passenger
557,vehicle_d6af,closing,2020-02-13 02:10:26.879851648,passenger
558,vehicle_8d80,closing,2020-02-12 10:33:00.849381056,passenger
559,vehicle_e136,close,2020-02-12 22:48:49.662146290,passenger
560,vehicle_e136,open,2020-02-12 21:02:26.740043261,passenger
561,vehicle_ce37,close,2020-02-12 17:32:25.191387683,passenger
562,vehicle_cd00,open,2020-02-12 18:16:00.010757143,passenger
563,vehicle_1e43,closing,2020-02-12 14:55:16.321521342,passenger
564,vehicle_cd00,close,2020-02-13 01:24:59.598158941,passenger
565,vehicle_d6af,open,2020-02-13 00:20:37.712285239,passenger
566,vehicle_d6af,open,2020-02-12 14:32:54.152401447,driver
567,vehicle_42c0,close,2020-02-12 16:38:08.212047586,driver
568,vehicle_42c0,open,2020-02-12 16:12:36.883414918,passenger
569,vehicle_f653,open,2020-02-12 10:55:40.463658983,passenger
570,vehicle_8d80,closing,2020-02-12 21:20:01.640648717,passenger
571,vehicle_e136,close,2020-02-12 09:27:49.198813969,passenger
572,vehicle_65b1,opening,2020-02-12 17:26:33.928969795,passenger
573,vehicle_8d80,open,2020-02-12 05:56:01.765588340,passenger
574,vehicle_8d80,opening,2020-02-12 10:32:49.933890594,passenger
575,vehicle_1e43,opening,2020-02-13 02:58:34.044901940,passenger
576,vehicle_e136,open,2020-02-12 10:04:12.921765263,passenger
577,vehicle_89f6,open,2020-02-12 07:05:57.604688341,passenger
578,vehicle_cd00,open,2020-02-13 02:57:44.755855771,passenger
579,vehicle_f653,close,2020-02-12 13:26:34.468837593,passenger
580,vehicle_cd00,open,2020-02-13 01:46:28.230819160,passenger
581,vehicle_65b1,close,2020-02-12 17:26:54.742767076,passenger
582,vehicle_f653,opening,2020-02-12 11:42:35.670723850,passenger
583,vehicle_42c0,opening,2020-02-12 08:40:20.635624344,passenger
584,vehicle_1e43,closing,2020-02-12 12:43:11.449839681,passenger
585,vehicle_8d80,closing,2020-02-13 01:50:02.486220592,passenger
586,vehicle_f653,close,2020-02-12 14:48:35.760633593,passenger
587,vehicle_42c0,close,2020-02-12 08:54:25.252632293,passenger
588,vehicle_e136,open,2020-02-12 14:53:23.954148958,passenger
589,vehicle_e136,closing,2020-02-12 14:31:26.045184822,passenger
590,vehicle_8d80,opening,2020-02-12 12:42:18.692844038,passenger
591,vehicle_d6af,opening,2020-02-12 14:12:15.449438269,passenger
592,vehicle_cd00,open,2020-02-13 01:36:44.509836147,passenger
593,vehicle_cd00,close,2020-02-12 15:22:36.392002978,passenger
594,vehicle_cd00,closing,2020-02-13 01:46:36.842497429,passenger
595,vehicle_f653,closing,2020-02-13 04:18:12.470792109,passenger
596,vehicle_8d80,closing,2020-02-12 23:05:57.645991396,passenger
597,vehicle_8d80,open,2020-02-12 17:13:34.219625563,passenger
598,vehicle_d6af,close,2020-02-13 02:04:15.700972127,passenger
599,vehicle_65b1,closing,2020-02-12 17:44:01.547334353,passenger
600,vehicle_cd00,open,2020-02-12 15:22:17.315846573,passenger
601,vehicle_f653,opening,2020-02-13 00:35:33.221030235,driver
602,vehicle_cd00,opening,2020-02-12 05:21:02.683118157,passenger
603,vehicle_ce37,open,2020-02-13 01:25:00.414390022,passenger
604,vehicle_cd00,close,2020-02-12 05:06:59.445202156,passenger
605,vehicle_e136,opening,2020-02-12 05:16:35.944860288,passenger
606,vehicle_89f6,opening,2020-02-12 10:00:22.370598251,passenger
607,vehicle_cd00,closing,2020-02-12 14:34:01.506742762,driver
608,vehicle_8d80,opening,2020-02-12 05:50:04.107435330,passenger
609,vehicle_ce37,close,2020-02-12 20:33:13.315047232,passenger
610,vehicle_65b1,closing,2020-02-12 15:45:48.837285140,passenger
611,vehicle_cd00,close,2020-02-12 11:57:09.283305695,passenger
612,vehicle_1e43,open,2020-02-12 16:21:43.090866810,passenger
613,vehicle_f653,close,2020-02-12 11:08:26.938793539,passenger
614,vehicle_65b1,close,2020-02-12 16:06:18.857073396,driver
615,vehicle_89f6,open,2020-02-12 10:07:02.926589586,passenger
616,vehicle_e136,close,2020-02-12 09:35:50.743016016,passenger
617,vehicle_ce37,open,2020-02-12 20:36:34.266506721,passenger
618,vehicle_e136,opening,2020-02-12 09:35:28.940655206,passenger
619,vehicle_65b1,open,2020-02-12 23:55:12.028777296,passenger
620,vehicle_1e43,close,2020-02-13 01:34:01.106976139,driver
621,vehicle_f653,open,2020-02-13 01:23:06.710947687,passenger
622,vehicle_cd00,opening,2020-02-12 18:30:59.941282938,passenger
623,vehicle_8d80,opening,2020-02-12 05:44:20.451748545,passenger
624,vehicle_e136,closing,2020-02-12 10:20:27.452779457,passenger
625,vehicle_65b1,closing,2020-02-12 09:05:58.487128309,driver
626,vehicle_f653,closing,2020-02-12 11:42:59.616968245,passenger
627,vehicle_e136,close,2020-02-12 21:02:44.397539815,passenger
628,vehicle_89f6,close,2020-02-12 13:39:47.317412643,driver
629,vehicle_cd00,closing,2020-02-12 05:21:29.709895929,passenger
630,vehicle_cd00,opening,2020-02-12 05:06:36.641380722,passenger
631,vehicle_f653,closing,2020-02-13 01:23:21.036050168,passenger
632,vehicle_cd00,open,2020-02-12 05:30:48.696334839,driver
633,vehicle_8d80,closing,2020-02-12 05:56:14.270570499,passenger
634,vehicle_cd00,closing,2020-02-12 07:11:15.787170547,driver
635,vehicle_f653,close,2020-02-12 14:24:43.442998659,passenger
636,vehicle_f653,open,2020-02-12 08:15:47.092218399,driver
637,vehicle_e136,open,2020-02-12 23:24:14.165226156,passenger
638,vehicle_f653,opening,2020-02-12 09:45:31.498366956,passenger
639,vehicle_d6af,opening,2020-02-12 17:21:09.141724045,passenger
640,vehicle_f653,closing,2020-02-12 13:21:13.228743858,passenger
641,vehicle_65b1,closing,2020-02-12 06:10:27.727256587,passenger
642,vehicle_e136,open,2020-02-12 14:51:29.907304449,passenger
643,vehicle_42c0,closing,2020-02-12 10:43:27.672978205,driver
644,vehicle_f653,closing,2020-02-12 10:55:51.465454391,passenger
645,vehicle_65b1,close,2020-02-12 06:10:28.727256587,passenger
646,vehicle_e136,close,2020-02-12 22:26:38.234178157,passenger
647,vehicle_65b1,open,2020-02-12 23:11:57.628741503,driver
648,vehicle_f653,closing,2020-02-12 11:30:11.502734300,passenger
649,vehicle_e136,open,2020-02-12 14:42:02.652729923,passenger
650,vehicle_e136,opening,2020-02-12 05:01:43.435344393,passenger
651,vehicle_42c0,open,2020-02-12 08:40:22.635624344,passenger
652,vehicle_89f6,close,2020-02-12 18:16:46.036126184,driver
653,vehicle_89f6,open,2020-02-12 09:27:56.087065870,passenger
654,vehicle_65b1,close,2020-02-12 09:20:51.130823367,passenger
655,vehicle_65b1,close,2020-02-12 09:06:00.487128309,driver
656,vehicle_e136,close,2020-02-12 12:29:08.645309392,passenger
657,vehicle_89f6,open,2020-02-12 10:00:23.370598251,passenger
658,vehicle_e136,opening,2020-02-12 14:55:27.647977829,driver
659,vehicle_e136,open,2020-02-12 05:16:37.944860288,passenger
660,vehicle_8d80,closing,2020-02-12 05:44:27.130999430,passenger
661,vehicle_cd00,open,2020-02-13 00:50:05.746297533,passenger
662,vehicle_1e43,opening,2020-02-12 19:32:29.512202601,passenger
663,vehicle_f653,close,2020-02-12 14:57:24.445139433,passenger
664,vehicle_65b1,open,2020-02-12 17:41:59.997524635,passenger
665,vehicle_8d80,close,2020-02-12 21:20:03.640648717,passenger
666,vehicle_f653,close,2020-02-13 00:39:08.564445638,driver
667,vehicle_f653,closing,2020-02-13 00:46:48.244871668,passenger
668,vehicle_8d80,opening,2020-02-12 21:19:50.991429502,passenger
669,vehicle_42c0,close,2020-02-12 17:15:36.870023850,passenger
670,vehicle_cd00,opening,2020-02-12 18:15:59.010757143,passenger
671,vehicle_f653,opening,2020-02-13 01:41:45.813110382,passenger
672,vehicle_ce37,open,2020-02-12 16:42:55.463096857,driver
673,vehicle_cd00,opening,2020-02-13 02:46:03.664427216,passenger
674,vehicle_8d80,open,2020-02-12 21:38:10.758425777,passenger
675,vehicle_65b1,opening,2020-02-12 15:56:42.716036874,passenger
676,vehicle_e136,close,2020-02-12 14:53:32.837126026,passenger
677,vehicle_e136,open,2020-02-12 12:37:26.580649873,passenger
678,vehicle_89f6,close,2020-02-12 09:47:27.178270914,passenger
679,vehicle_f653,close,2020-02-12 18:12:38.908510413,driver
680,vehicle_1e43,opening,2020-02-12 10:06:02.600998098,passenger
681,vehicle_42c0,open,2020-02-12 12:21:06.556650097,passenger
682,vehicle_65b1,opening,2020-02-12 09:06:11.067315514,passenger
683,vehicle_cd00,close,2020-02-13 01:46:38.842497429,passenger
684,vehicle_65b1,closing,2020-02-12 07:54:39.861997435,passenger
685,vehicle_65b1,closing,2020-02-12 16:12:51.236506499,passenger
686,vehicle_42c0,opening,2020-02-12 12:21:04.556650097,passenger
687,vehicle_ce37,opening,2020-02-12 21:53:05.577987909,driver
688,vehicle_65b1,close,2020-02-12 17:44:02.547334353,passenger
689,vehicle_cd00,opening,2020-02-12 12:00:08.112725999,passenger
690,vehicle_1e43,open,2020-02-12 16:09:44.003148491,passenger
691,vehicle_f653,open,2020-02-13 02:01:34.910341263,driver
692,vehicle_ce37,open,2020-02-12 13:31:24.897237539,driver
693,vehicle_e136,close,2020-02-12 18:21:19.477605525,passenger
694,vehicle_cd00,closing,2020-02-12 05:06:58.445202156,passenger
695,vehicle_cd00,close,2020-02-13 02:46:21.972771795,passenger
696,vehicle_f653,opening,2020-02-13 00:46:35.658743386,passenger
697,vehicle_42c0,opening,2020-02-12 17:07:32.581765587,passenger
698,vehicle_ce37,opening,2020-02-12 13:31:23.897237539,driver
699,vehicle_f653,closing,2020-02-12 11:50:15.264081758,passenger
700,vehicle_8d80,open,2020-02-12 17:08:08.756094868,passenger
701,vehicle_42c0,close,2020-02-12 06:04:50.994009467,driver
702,vehicle_8d80,closing,2020-02-12 17:08:14.443335432,passenger
703,vehicle_f653,closing,2020-02-12 14:24:42.442998659,passenger
704,vehicle_f653,open,2020-02-12 14:57:11.445203497,passenger
705,vehicle_1e43,opening,2020-02-12 12:58:18.110774307,passenger
706,vehicle_d6af,opening,2020-02-12 10:45:53.820765430,passenger
707,vehicle_ce37,close,2020-02-13 01:25:23.759227359,passenger
708,vehicle_1e43,open,2020-02-12 12:58:20.110774307,passenger
709,vehicle_65b1,opening,2020-02-13 01:15:50.585315878,passenger
710,vehicle_e136,closing,2020-02-12 18:36:37.788474795,passenger
711,vehicle_e136,closing,2020-02-12 12:17:32.155825095,passenger
712,vehicle_65b1,opening,2020-02-12 23:11:56.628741503,driver
713,vehicle_d6af,open,2020-02-12 10:55:31.095569765,passenger
714,vehicle_42c0,opening,2020-02-12 10:43:20.701323986,driver
715,vehicle_ce37,close,2020-02-12 15:02:16.691463737,driver
716,vehicle_f653,close,2020-02-12 14:34:26.749915899,passenger
717,vehicle_8d80,opening,2020-02-12 23:05:36.245129411,passenger
718,vehicle_cd00,open,2020-02-12 09:16:49.608427048,driver
719,vehicle_e136,opening,2020-02-12 18:36:15.766966341,passenger
720,vehicle_ce37,opening,2020-02-13 00:37:39.887657892,passenger
721,vehicle_89f6,opening,2020-02-12 05:45:11.591970379,passenger
722,vehicle_8d80,open,2020-02-12 23:04:13.598545313,driver
723,vehicle_f653,close,2020-02-12 11:43:01.616968245,passenger
724,vehicle_65b1,opening,2020-02-12 18:08:14.532620813,passenger
725,vehicle_f653,close,2020-02-13 00:46:49.244871668,passenger
726,vehicle_e136,close,2020-02-12 12:05:08.302573109,passenger
727,vehicle_f653,opening,2020-02-12 14:34:09.645050222,passenger
728,vehicle_d6af,close,2020-02-12 14:30:48.779339384,passenger
729,vehicle_ce37,open,2020-02-13 00:23:11.337107117,passenger
730,vehicle_1e43,closing,2020-02-12 19:32:39.754246150,passenger
731,vehicle_1e43,close,2020-02-12 06:06:52.302575677,passenger
732,vehicle_f653,opening,2020-02-13 01:40:30.546874458,passenger
733,vehicle_89f6,opening,2020-02-13 03:44:17.495211363,driver
734,vehicle_d6af,closing,2020-02-13 01:22:42.128269585,passenger
735,vehicle_e136,opening,2020-02-12 23:06:12.069101326,passenger
736,vehicle_89f6,open,2020-02-12 13:36:11.962074757,driver
737,vehicle_1e43,closing,2020-02-12 09:20:45.964498494,driver
738,vehicle_65b1,opening,2020-02-12 16:06:03.764177322,driver
739,vehicle_e136,close,2020-02-12 23:06:36.061098001,passenger
740,vehicle_8d80,close,2020-02-12 05:50:20.127927008,passenger
741,vehicle_89f6,opening,2020-02-12 16:25:53.193536773,passenger
742,vehicle_e136,open,2020-02-12 18:36:16.766966341,passenger
743,vehicle_89f6,closing,2020-02-12 07:14:13.641279055,passenger
744,vehicle_e136,opening,2020-02-12 12:04:58.232571299,passenger
745,vehicle_ce37,closing,2020-02-12 13:31:37.936519826,driver
746,vehicle_65b1,open,2020-02-13 00:08:38.316623071,passenger
747,vehicle_e136,opening,2020-02-12 14:42:00.652729923,passenger
748,vehicle_1e43,close,2020-02-12 09:20:47.964498494,driver
749,vehicle_d6af,close,2020-02-12 17:42:12.769877700,passenger
750,vehicle_1e43,close,2020-02-12 19:32:40.754246150,passenger
751,vehicle_8d80,open,2020-02-13 02:10:09.000247470,passenger
752,vehicle_f653,close,2020-02-13 01:40:48.444281577,passenger
753,vehicle_65b1,close,2020-02-12 17:42:19.496263205,passenger
754,vehicle_d6af,close,2020-02-12 14:12:38.989362262,passenger
755,vehicle_89f6,opening,2020-02-12 13:39:32.750270128,driver
756,vehicle_f653,opening,2020-02-12 10:55:39.463658983,passenger
757,vehicle_1e43,closing,2020-02-13 01:31:58.491719270,passenger
758,vehicle_89f6,open,2020-02-12 07:42:03.089861560,passenger
759,vehicle_f653,opening,2020-02-13 00:38:59.328633785,driver
760,vehicle_1e43,closing,2020-02-12 19:15:38.137309991,passenger
761,vehicle_ce37,close,2020-02-12 16:50:18.648315723,passenger
762,vehicle_89f6,closing,2020-02-12 10:00:31.634327107,passenger
763,vehicle_65b1,opening,2020-02-12 09:20:27.966444169,passenger
764,vehicle_f653,closing,2020-02-12 14:48:33.760633593,passenger
765,vehicle_e136,opening,2020-02-12 10:04:10.921765263,passenger
766,vehicle_89f6,close,2020-02-12 06:01:16.962845435,passenger
767,vehicle_cd00,closing,2020-02-12 11:50:00.131485819,passenger
768,vehicle_89f6,opening,2020-02-12 05:28:54.648499662,passenger
769,vehicle_8d80,close,2020-02-12 17:08:15.443335432,passenger
770,vehicle_89f6,close,2020-02-13 03:44:38.236959842,driver
771,vehicle_ce37,close,2020-02-12 13:31:38.936519826,driver
772,vehicle_e136,open,2020-02-12 22:02:04.016148741,passenger
773,vehicle_8d80,close,2020-02-12 23:04:29.422601333,driver
774,vehicle_cd00,open,2020-02-12 18:31:00.941282938,passenger
775,vehicle_1e43,closing,2020-02-12 10:29:09.832327781,passenger
776,vehicle_e136,close,2020-02-12 14:06:26.950335076,passenger
777,vehicle_42c0,opening,2020-02-12 12:37:59.165066552,passenger
778,vehicle_f653,open,2020-02-12 11:52:21.034865145,passenger
779,vehicle_65b1,opening,2020-02-12 23:04:19.352958614,passenger
780,vehicle_1e43,open,2020-02-12 05:46:57.291729385,passenger
781,vehicle_e136,open,2020-02-12 14:31:14.241424734,passenger
782,vehicle_65b1,close,2020-02-12 23:06:11.463917546,passenger
783,vehicle_65b1,open,2020-02-12 09:06:13.067315514,passenger
784,vehicle_e136,opening,2020-02-12 20:48:08.189627106,passenger
785,vehicle_f653,closing,2020-02-12 18:12:36.908510413,driver
786,vehicle_89f6,close,2020-02-12 07:14:15.641279055,passenger
787,vehicle_65b1,closing,2020-02-12 16:14:30.441867541,passenger
788,vehicle_f653,open,2020-02-12 09:45:32.498366956,passenger
789,vehicle_d6af,close,2020-02-12 17:21:35.250576753,passenger
790,vehicle_1e43,open,2020-02-13 02:39:24.787993605,passenger
791,vehicle_f653,close,2020-02-12 08:16:02.057611930,driver
792,vehicle_65b1,close,2020-02-12 23:12:08.872784571,driver
793,vehicle_89f6,opening,2020-02-12 09:27:54.087065870,passenger
794,vehicle_65b1,opening,2020-02-12 09:05:50.093971491,driver
795,vehicle_e136,open,2020-02-12 09:31:12.693999177,passenger
796,vehicle_ce37,close,2020-02-12 14:32:24.055775960,driver
797,vehicle_42c0,open,2020-02-12 16:31:09.366190933,passenger
798,vehicle_ce37,opening,2020-02-12 10:46:55.467468487,passenger
799,vehicle_cd00,close,2020-02-12 09:17:06.987768434,driver
800,vehicle_d6af,close,2020-02-12 10:46:12.767785937,passenger
801,vehicle_1e43,opening,2020-02-12 12:43:02.099394972,passenger
802,vehicle_42c0,opening,2020-02-12 21:57:30.766725678,passenger
803,vehicle_42c0,closing,2020-02-12 17:15:35.870023850,passenger
804,vehicle_65b1,close,2020-02-12 16:29:35.983889332,passenger
805,vehicle_1e43,open,2020-02-12 14:55:06.112833454,passenger
806,vehicle_f653,open,2020-02-12 13:06:05.422102625,passenger
807,vehicle_f653,close,2020-02-12 09:45:45.761108818,passenger
808,vehicle_42c0,open,2020-02-12 21:57:31.766725678,passenger
809,vehicle_f653,opening,2020-02-12 19:00:22.458230257,driver
810,vehicle_8d80,close,2020-02-12 22:50:04.755487788,passenger
811,vehicle_65b1,closing,2020-02-12 23:04:43.513477567,passenger
812,vehicle_42c0,closing,2020-02-12 21:44:24.845164831,passenger
813,vehicle_8d80,closing,2020-02-12 22:50:03.755487788,passenger
814,vehicle_cd00,closing,2020-02-12 05:31:03.557069449,driver
815,vehicle_42c0,close,2020-02-12 16:13:01.881342059,passenger
816,vehicle_ce37,opening,2020-02-12 14:32:06.783250809,driver
817,vehicle_42c0,closing,2020-02-12 21:57:41.720982218,passenger
818,vehicle_ce37,opening,2020-02-12 20:36:32.266506721,passenger
819,vehicle_f653,close,2020-02-12 10:21:28.646288665,passenger
820,vehicle_89f6,close,2020-02-12 13:36:28.342155092,driver
821,vehicle_8d80,opening,2020-02-12 05:55:59.765588340,passenger
822,vehicle_f653,open,2020-02-13 00:39:01.328633785,driver
823,vehicle_65b1,opening,2020-02-12 23:55:11.028777296,passenger
824,vehicle_42c0,close,2020-02-12 08:40:33.322251704,passenger
825,vehicle_e136,opening,2020-02-12 14:33:19.640108347,driver
826,vehicle_89f6,close,2020-02-12 05:50:35.436386805,passenger
827,vehicle_8d80,closing,2020-02-12 12:42:36.154979761,passenger
828,vehicle_e136,closing,2020-02-12 23:41:34.051651785,passenger
829,vehicle_f653,closing,2020-02-12 08:16:00.057611930,driver
830,vehicle_d6af,opening,2020-02-13 02:10:05.177946503,passenger
831,vehicle_e136,close,2020-02-12 09:31:33.457215550,passenger
832,vehicle_ce37,opening,2020-02-12 17:32:13.034153635,passenger
833,vehicle_89f6,opening,2020-02-12 05:50:24.751357797,passenger
834,vehicle_65b1,close,2020-02-12 15:45:50.837285140,passenger
835,vehicle_cd00,opening,2020-02-12 07:11:09.060437441,driver
836,vehicle_f653,open,2020-02-12 13:16:12.140889341,passenger
837,vehicle_89f6,open,2020-02-12 09:47:16.397054865,passenger
838,vehicle_e136,opening,2020-02-13 02:17:21.458251753,passenger
839,vehicle_42c0,opening,2020-02-12 16:12:35.883414918,passenger
840,vehicle_1e43,open,2020-02-12 19:15:29.738480026,passenger
841,vehicle_f653,closing,2020-02-13 01:54:23.547781401,passenger
842,vehicle_89f6,closing,2020-02-12 19:18:43.096655801,driver
843,vehicle_42c0,closing,2020-02-12 16:31:21.411358698,passenger
844,vehicle_ce37,close,2020-02-12 21:53:19.932649268,driver
845,vehicle_89f6,close,2020-02-12 10:00:32.634327107,passenger
846,vehicle_89f6,close,2020-02-12 16:26:11.090642195,passenger
847,vehicle_ce37,open,2020-02-12 17:45:18.358613670,passenger
848,vehicle_8d80,opening,2020-02-12 17:08:06.756094868,passenger
849,vehicle_1e43,opening,2020-02-13 01:31:44.658206203,passenger
850,vehicle_e136,close,2020-02-12 14:51:48.213548039,passenger
851,vehicle_1e43,close,2020-02-12 16:22:54.707610530,passenger
852,vehicle_65b1,opening,2020-02-13 01:33:31.161330192,passenger
853,vehicle_65b1,open,2020-02-13 01:15:52.585315878,passenger
854,vehicle_f653,close,2020-02-12 13:16:39.489011952,passenger
855,vehicle_f653,close,2020-02-12 13:21:14.228743858,passenger
856,vehicle_ce37,open,2020-02-12 17:03:41.635368129,passenger
857,vehicle_89f6,open,2020-02-12 05:50:26.751357797,passenger
858,vehicle_ce37,closing,2020-02-12 17:32:24.191387683,passenger
859,vehicle_89f6,closing,2020-02-12 06:01:14.962845435,passenger
860,vehicle_cd00,open,2020-02-12 11:09:53.257603168,driver
861,vehicle_8d80,opening,2020-02-12 23:09:28.133934976,passenger
862,vehicle_65b1,open,2020-02-12 15:45:35.976977999,passenger
863,vehicle_e136,opening,2020-02-12 09:31:11.693999177,passenger
864,vehicle_e136,closing,2020-02-12 14:06:25.950335076,passenger
865,vehicle_e136,opening,2020-02-12 18:20:56.891214306,passenger
866,vehicle_42c0,open,2020-02-12 06:04:48.875357628,driver
867,vehicle_65b1,close,2020-02-12 09:06:35.908810564,passenger
868,vehicle_1e43,closing,2020-02-13 02:39:31.084530250,passenger
869,vehicle_1e43,open,2020-02-12 06:06:43.874851380,passenger
870,vehicle_1e43,open,2020-02-13 01:33:57.269973278,driver
871,vehicle_cd00,open,2020-02-12 14:33:50.487713814,driver
872,vehicle_8d80,closing,2020-02-12 05:50:18.127927008,passenger
873,vehicle_65b1,opening,2020-02-12 16:29:01.696912294,passenger
874,vehicle_ce37,closing,2020-02-12 20:33:12.315047232,passenger
875,vehicle_e136,closing,2020-02-12 09:19:29.545497982,passenger
876,vehicle_f653,opening,2020-02-12 10:21:06.691634829,passenger
877,vehicle_65b1,opening,2020-02-13 00:08:36.316623071,passenger
878,vehicle_f653,opening,2020-02-12 13:06:04.422102625,passenger
879,vehicle_65b1,close,2020-02-12 16:12:53.236506499,passenger
880,vehicle_cd00,closing,2020-02-13 01:36:55.976373636,passenger
881,vehicle_e136,close,2020-02-12 14:42:14.231982641,passenger
882,vehicle_8d80,close,2020-02-12 10:33:02.849381056,passenger
883,vehicle_f653,open,2020-02-12 18:12:30.700062513,driver
884,vehicle_e136,closing,2020-02-12 14:51:46.213548039,passenger
885,vehicle_65b1,closing,2020-02-12 23:12:06.872784571,driver
886,vehicle_ce37,close,2020-02-12 10:23:55.833756856,passenger
887,vehicle_d6af,close,2020-02-12 10:55:52.051640262,passenger
888,vehicle_65b1,open,2020-02-12 06:10:14.436841423,passenger
889,vehicle_8d80,closing,2020-02-12 10:19:09.929903008,passenger
890,vehicle_e136,close,2020-02-12 23:24:38.918409851,passenger
891,vehicle_e136,opening,2020-02-12 23:24:12.165226156,passenger
892,vehicle_e136,close,2020-02-12 18:36:38.788474795,passenger
893,vehicle_65b1,open,2020-02-12 16:12:23.268521244,passenger
894,vehicle_f653,open,2020-02-12 10:47:24.412552784,passenger
895,vehicle_8d80,open,2020-02-12 05:50:05.107435330,passenger
896,vehicle_65b1,close,2020-02-12 16:18:20.845675483,passenger
897,vehicle_cd00,open,2020-02-12 11:26:13.649138386,passenger
898,vehicle_f653,open,2020-02-12 14:34:10.645050222,passenger
899,vehicle_ce37,closing,2020-02-13 01:46:21.866986630,driver
900,vehicle_65b1,closing,2020-02-12 15:57:02.252296893,passenger
901,vehicle_65b1,opening,2020-02-12 16:17:56.481820679,passenger
902,vehicle_cd00,opening,2020-02-12 11:57:03.734006817,passenger
903,vehicle_cd00,closing,2020-02-13 00:50:15.649073894,passenger
904,vehicle_cd00,close,2020-02-12 11:10:12.285065651,driver
905,vehicle_42c0,open,2020-02-12 08:54:15.145812199,passenger
906,vehicle_f653,open,2020-02-13 00:33:19.763430531,passenger
907,vehicle_89f6,open,2020-02-12 19:18:36.522447824,driver
908,vehicle_65b1,close,2020-02-12 23:55:33.765094273,passenger
909,vehicle_42c0,open,2020-02-12 06:11:23.785096128,passenger
910,vehicle_d6af,open,2020-02-12 21:14:05.536280394,driver
911,vehicle_1e43,closing,2020-02-12 10:06:21.492271679,passenger
912,vehicle_ce37,closing,2020-02-12 15:02:15.691463737,driver
913,vehicle_d6af,opening,2020-02-13 00:20:35.712285239,passenger
914,vehicle_65b1,closing,2020-02-12 17:26:53.742767076,passenger
915,vehicle_e136,open,2020-02-12 09:27:27.770564491,passenger
916,vehicle_1e43,close,2020-02-12 16:09:59.025819904,passenger
917,vehicle_42c0,open,2020-02-12 12:38:00.165066552,passenger
918,vehicle_cd00,open,2020-02-12 05:21:03.683118157,passenger
919,vehicle_1e43,closing,2020-02-13 01:07:43.326564180,passenger
920,vehicle_d6af,close,2020-02-12 21:14:14.258420065,driver
921,vehicle_ce37,open,2020-02-12 10:46:57.467468487,passenger
922,vehicle_1e43,opening,2020-02-12 11:16:58.862996752,passenger
923,vehicle_1e43,close,2020-02-12 11:17:11.574350333,passenger
924,vehicle_1e43,open,2020-02-12 12:43:03.099394972,passenger
925,vehicle_e136,opening,2020-02-12 09:19:10.375149662,passenger
926,vehicle_e136,open,2020-02-12 22:26:24.052899216,passenger
927,vehicle_e136,closing,2020-02-12 14:42:12.231982641,passenger
928,vehicle_89f6,closing,2020-02-12 16:14:26.662172888,passenger
929,vehicle_1e43,closing,2020-02-13 01:34:00.106976139,driver
930,vehicle_65b1,closing,2020-02-12 15:22:24.343428473,passenger
931,vehicle_e136,close,2020-02-12 20:48:25.466434042,passenger
932,vehicle_ce37,close,2020-02-12 20:36:54.122214969,passenger
933,vehicle_42c0,open,2020-02-12 10:43:21.701323986,driver
934,vehicle_cd00,closing,2020-02-12 11:10:10.285065651,driver
935,vehicle_1e43,opening,2020-02-12 06:06:42.874851380,passenger
936,vehicle_89f6,close,2020-02-12 09:28:03.943322764,passenger
937,vehicle_1e43,close,2020-02-13 02:39:32.084530250,passenger
938,vehicle_e136,opening,2020-02-12 12:17:19.350840674,passenger
939,vehicle_d6af,open,2020-02-13 01:41:52.238670761,passenger
940,vehicle_d6af,closing,2020-02-13 00:20:59.894395367,passenger
941,vehicle_e136,closing,2020-02-12 14:55:41.975277368,driver
942,vehicle_65b1,closing,2020-02-12 09:20:50.130823367,passenger
943,vehicle_cd00,open,2020-02-12 11:49:46.704160864,passenger
944,vehicle_ce37,open,2020-02-12 16:09:54.278461175,passenger
945,vehicle_65b1,closing,2020-02-12 22:00:30.337968126,passenger
946,vehicle_ce37,closing,2020-02-12 16:05:00.080750091,passenger
947,vehicle_42c0,closing,2020-02-12 08:54:24.252632293,passenger
948,vehicle_8d80,closing,2020-02-12 23:04:27.422601333,driver
949,vehicle_cd00,close,2020-02-12 05:31:05.557069449,driver
950,vehicle_f653,open,2020-02-13 01:54:10.105907293,passenger
951,vehicle_42c0,open,2020-02-12 17:07:33.581765587,passenger
952,vehicle_f653,open,2020-02-13 04:17:49.881722810,passenger
953,vehicle_cd00,opening,2020-02-12 11:09:52.257603168,driver
954,vehicle_d6af,opening,2020-02-12 14:32:52.152401447,driver
955,vehicle_ce37,open,2020-02-12 14:32:08.783250809,driver
956,vehicle_e136,opening,2020-02-12 14:53:22.954148958,passenger
957,vehicle_e136,opening,2020-02-12 23:41:11.500011091,passenger
958,vehicle_65b1,opening,2020-02-12 17:41:58.997524635,passenger
959,vehicle_d6af,closing,2020-02-13 01:42:09.395865626,passenger
